CPULT_scaler,CPULT_scaler_uncern,HMSTRIG_cut,HMSTRIG_scaler,HMS_eLT,HMS_eLT_uncern,HMS_track,HMS_track_uncern,PS1,PS3,SHMSTRIG_cut,SHMSTRIG_scaler,SHMS_eLT,SHMS_eLT_uncern,SHMS_track,SHMS_track_uncern,accp_edtm,charge,h_int_goodscin_evts,p_int_goodscin_evts,run number,sent_edtm,time,tot_events
0.9945483176590946,0.006360516962063152,469102,13875640.0,0.9754840758543066,0.0016926943584390215,0.9967,0.0002,257,257,764956,205438679.0,0.9754840758543066,0.0016926943584390215,0.99,0.0008,190527,26274.752337872003,3203.916666666666,661.6666666666667,5300,5257420.0,525.732939,1234954
0.9950627053133604,0.008202207871911667,242575,6804629.0,0.9677124004004808,0.0022649098745769177,0.9967,0.0002,257,257,402169,111519076.0,0.9677124004004808,0.0022649098745769177,0.9872,0.0008,79696,14125.457304333933,2201.583333333333,355.66666666666663,5301,2175491.0,217.54532599999996,645180
0.954311231463586,0.0034404788457044174,969221,8785571.0,0.9970123391833576,0.0009191058714428387,0.9976,0.0003,33,33,1023832,34788661.0,0.9970123391833576,0.0009191058714428387,0.9937,0.0005,1059842,3746.7061427052417,214.5,59.99999999999999,5181,7565906.0,756.577289,2019160
0.9892951875460344,0.0014407670837453534,844261,17656718.0,0.9756597018877192,0.0016038598948333606,0.9969,0.0002,65,65,2035928,251220015.0,0.9756597018877192,0.0016038598948333606,0.99,0.0005,413102,32102.75093904065,5529.583333333332,1108.0,5176,7201310.0,720.1182210000002,2889484
0.983342999522696,0.002532999810899136,1119236,13739821.0,0.9840246426827172,0.0014485805739775598,0.997,0.0001,65,65,1808395,162070584.0,0.9840246426827172,0.0014485805739775598,0.9915,0.0005,655932,20709.44184927539,4155.0,910.6666666666667,5178,6984188.0,698.4064340000001,2937255
0.9759696512732688,0.00433760904715437,1101902,10074893.0,0.99167436554053,0.0012429393468199141,0.9971,0.0002,65,65,1136753,80953374.0,0.99167436554053,0.0012429393468199141,0.9903,0.0006,822465,10106.819014324938,1373.1666666666665,350.0,5179,6788676.0,678.8555610000002,2250477
0.9914661825683218,0.001061475498923415,878341,20838870.0,0.969605075330544,0.0016847273210017807,0.9965,0.0002,65,65,2055594,322573445.0,0.969605075330544,0.0016847273210017807,0.9891,0.0005,327767,41037.953504939906,6625.166666666666,1231.4166666666665,5175,7511131.0,751.0998230000001,2944563
