CPULT_scaler,CPULT_scaler_uncern,HMSTRIG_cut,HMSTRIG_scaler,HMS_eLT,HMS_eLT_uncern,HMS_track,HMS_track_uncern,PS1,PS3,SHMSTRIG_cut,SHMSTRIG_scaler,SHMS_eLT,SHMS_eLT_uncern,SHMS_track,SHMS_track_uncern,accp_edtm,charge,h_int_goodscin_evts,p_int_goodscin_evts,run number,sent_edtm,time,tot_events
0.9750214009718491,0.004204492358918888,826782,13837027.0,0.9949089309693924,0.0011082827926918006,0.9968,0.0002,65,65,718032,47822556.0,0.9949089309693924,0.0011082827926918006,0.993,0.0007,514713,3416.1541277449437,2887.833333333333,201.8333333333333,5166,6861888.0,686.1765889999998,1551614
0.9968858126634648,0.005431343753308561,744010,53881508.0,0.938539842096714,0.0022913888020603033,0.9916,0.0003,513,513,662193,390297615.0,0.938539842096714,0.0022913888020603033,0.8648,0.0051,79439,24055.370004686294,26688.5,931.6666666666665,5149,4444622.0,444.45441800000015,1406487
0.9885498634188056,0.003694466992234129,834239,27167607.0,0.9854227881371044,0.0014517375311013335,0.996,0.0002,129,129,1033223,133696413.0,0.9854227881371044,0.0014517375311013335,0.9915,0.0007,269553,9989.98352877543,11675.666666666664,673.6666666666665,5163,6715463.0,671.5344759999999,1869188
0.9973627640018148,0.003570847957064061,704146,90497254.0,0.9376199175856956,0.0020308307767220378,0.9911,0.0003,513,513,1262514,651869755.0,0.9376199175856956,0.0020308307767220378,0.9634,0.0021,87920,40071.841479074836,36551.0,1310.6666666666665,5160,7365757.0,736.562818,1966891
0.9944793196425368,0.003581121747033792,799362,51302841.0,0.9694335487320199,0.0017167490872975193,0.9942,0.0002,257,257,1187500,302578542.0,0.9694335487320199,0.0017167490872975193,0.9857,0.001,156428,21515.266358037792,23788.5,1143.0833333333333,5162,7248265.0,724.813713,1987401
0.996488876074491,0.0050963807071785425,1183408,78448361.0,0.95260936181552,0.0018714631063203114,0.9919,0.0002,513,513,983356,518567593.0,0.95260936181552,0.0018714631063203114,0.9757,0.0016,148740,34450.3416168612,40585.333333333336,1614.333333333333,5161,7724018.0,772.3883060000003,2167129
0.9969375614899314,0.004189947443598123,1169868,87730323.0,0.9377093045942172,0.002045143450095975,0.9906,0.0002,513,513,1066045,631974903.0,0.9377093045942172,0.002045143450095975,0.9615,0.0023,127127,39256.252173098444,47794.91666666667,1540.0,5150,7230660.0,723.053185,2236270
