CPULT_scaler,CPULT_scaler_uncern,HMSTRIG_cut,HMSTRIG_scaler,HMS_eLT,HMS_eLT_uncern,HMS_track,HMS_track_uncern,PS1,PS3,SHMSTRIG_cut,SHMSTRIG_scaler,SHMS_eLT,SHMS_eLT_uncern,SHMS_track,SHMS_track_uncern,accp_edtm,charge,h_int_goodscin_evts,p_int_goodscin_evts,run number,sent_edtm,time,tot_events
0.9901934991136594,0.002739318545178374,693772,44295905.0,0.9862931871523484,0.0014150904273719366,0.9971,0.0001,129,129,896661,113931073.0,0.9862931871523484,0.0014150904273719366,0.9685,0.0028,14711,28824.323574490634,1756.333333333333,136.91666666666669,7865,565142.0,565.1318960000001,1590618
0.8531241925621571,0.004976651701339783,2611414,6512946.0,0.9985935086012679,0.0007419053402800983,0.9985,0.0,17,17,739874,16031359.0,0.9985935086012679,0.0007419053402800983,0.9695,0.0033,322668,3816.172998270936,436.0,57.99999999999999,7846,742982.0,742.9689910000002,3370000
0.9477342661470332,0.0011617138087804825,2486164,16946770.0,0.9958582584460408,0.0009907670445251304,0.9982,0.0,17,17,714934,43569208.0,0.9958582584460408,0.0009907670445251304,0.9772,0.0026,113457,10690.869540540923,1197.0833333333333,185.33333333333331,7847,699022.0,699.010851,3210526
0.9740236192221678,0.0004720728825285248,2203250,30026655.0,0.9917559245701149,0.001209046595092796,0.9978,0.0,17,17,634135,77622868.0,0.9917559245701149,0.001209046595092796,0.9701,0.003,51207,19355.604494486608,2249.6666666666665,336.5833333333333,7841,630916.0,630.905214,2844223
