CPULT_scaler,CPULT_scaler_uncern,HMSTRIG_cut,HMSTRIG_scaler,HMS_eLT,HMS_eLT_uncern,HMS_track,HMS_track_uncern,PS1,PS3,SHMSTRIG_cut,SHMSTRIG_scaler,SHMS_eLT,SHMS_eLT_uncern,SHMS_track,SHMS_track_uncern,accp_edtm,charge,h_int_goodscin_evts,p_int_goodscin_evts,run number,sent_edtm,time,tot_events
0.9740236192221678,0.0004720728825285248,2269829,30026655.0,0.9917559245701149,0.001209046595092796,0.9978,0.0,17,17,653495,77622868.0,0.9917559245701149,0.001209046595092796,0.9701,0.003,57040,19355.604494486608,2310.4999999999995,341.0,7841,630916.0,630.905214,2930315
0.9477342661470332,0.0011617138087804825,2503284,16946770.0,0.9958582584460408,0.0009907670445251304,0.9982,0.0,17,17,719800,43569208.0,0.9958582584460408,0.0009907670445251304,0.9772,0.0026,115320,10690.869540540923,1206.0833333333333,185.33333333333331,7847,699022.0,699.010851,3232579
0.8531241925621571,0.004976651701339783,2611414,6512946.0,0.9985935086012679,0.0007419053402800983,0.9985,0.0,17,17,739874,16031359.0,0.9985935086012679,0.0007419053402800983,0.9695,0.0033,322668,3816.172998270936,436.0,57.99999999999999,7846,742982.0,742.9689910000002,3370000
0.9904071284736944,0.005462602312094369,736703,10693546.0,0.9864956428870584,0.002004058663967216,0.9971,0.0001,129,129,952366,27490224.0,0.9864956428870584,0.002004058663967216,0.9685,0.0028,16613,6951.1840977301235,1816.5,143.91666666666666,7865,138384.0,138.38147899999984,1689265
