CPULT_scaler,CPULT_scaler_uncern,HMSTRIG_cut,HMSTRIG_scaler,HMS_eLT,HMS_eLT_uncern,HMS_track,HMS_track_uncern,PS1,PS3,SHMSTRIG_cut,SHMSTRIG_scaler,SHMS_eLT,SHMS_eLT_uncern,SHMS_track,SHMS_track_uncern,accp_edtm,charge,h_int_etotnorm_evts,h_int_goodscin_evts,p_int_etotnorm_evts,p_int_goodscin_evts,run number,sent_edtm,time,tot_events
0.9937510532018248,0.013645790622656721,417.0,371784.0,0.9787499352618012,0.0043561641961846745,0.9974,0.0001,257.0,33.0,413.0,2915810.0,0.9787499352618012,0.0043561641961846745,0.9253,0.0068,118.0,506.73753212112274,2761.0854224567724,1842.5,10.448545353174373,27.33333333333333,7957,10197.0,10.196875999999977,9087.0
0.9973479725768248,0.006996859550184212,153.0,59640.0,0.9935878961164548,0.0038424512668228158,0.9981,0.0001,129.0,17.0,151.0,452044.0,0.9935878961164548,0.0038424512668228158,0.9298,0.0061,139.0,75.26758643568064,737.555539288013,487.66666666666674,3.6467800021513654,8.416666666666666,7959,5651.0,5.650014999999996,2627.0
0.9987449725711324,0.011812882643817763,539.0,206621.0,0.9700729081576668,0.0059808613034703076,0.9968,0.0001,513.0,65.0,137.0,1603698.0,0.9700729081576668,0.0059808613034703076,0.9311,0.0053,0.0,284.9434282,3099.08121967755,2072.6666666666665,11.978619586501653,21.66666666666666,7954,4033.0,4.033511000000004,10181.0
0.9595777572470066,0.016751283984472464,1121.0,27991.0,0.9977887751145978,0.002806133778041847,0.9984,0.0001,33.0,5.0,155.0,190651.0,0.9977887751145978,0.002806133778041847,0.9179999999999999,0.0062,850.0,31.012222215669713,2255.354777965894,1554.6666666666665,9.088002303514353,30.33333333333333,7960,5689.0,5.68895299999996,8750.0
