CPULT_scaler,CPULT_scaler_uncern,HMSTRIG_cut,HMSTRIG_scaler,HMS_eLT,HMS_eLT_uncern,HMS_track,HMS_track_uncern,PS1,PS3,SHMSTRIG_cut,SHMSTRIG_scaler,SHMS_eLT,SHMS_eLT_uncern,SHMS_track,SHMS_track_uncern,accp_edtm,charge,h_int_goodscin_evts,p_int_goodscin_evts,run number,sent_edtm,time,tot_events
0.9973479725768248,0.019308152029103826,1303,59640.0,0.9935878961164548,0.0038424512668228158,0.9981,0.0001,129,129,1322,452044.0,0.9935878961164548,0.0038424512668228158,0.9298,0.0061,140,75.26758643568064,0.0,0.0,7959,5651.0,5.650014999999996,2627
0.9595777572470066,0.05106004744333261,4905,27991.0,0.9977887751145978,0.002806133778041847,0.9984,0.0001,33,33,3784,190651.0,0.9977887751145978,0.002806133778041847,0.9179999999999999,0.0062,1002,31.012222215669713,0.0,0.0,7960,5689.0,5.68895299999996,8750
,,1366,0.0,,,0.9977,0.0001,257,257,1373,0.0,,,0.9213,0.0062,77,0.0,0.0,0.5,7958,0.0,0.0,2739
0.9987449725711324,0.036663412707601886,5248,206621.0,0.9700729081576668,0.0059808613034703076,0.9968,0.0001,513,513,4931,1603698.0,0.9700729081576668,0.0059808613034703076,0.9311,0.0053,124,284.9434282,3.0,3.9166666666666665,7954,4033.0,4.033511000000004,10181
0.9937510532018248,0.046214208131635716,4547,371784.0,0.9787499352618012,0.0043561641961846745,0.9974,0.0001,257,257,4539,2915810.0,0.9787499352618012,0.0043561641961846745,0.9253,0.0068,127,506.73753212112274,1.3333333333333333,0.0,7957,10197.0,10.196875999999977,9087
