CPULT_scaler,CPULT_scaler_uncern,HMSTRIG_cut,HMSTRIG_scaler,HMS_eLT,HMS_eLT_uncern,HMS_track,HMS_track_uncern,PS1,PS3,SHMSTRIG_cut,SHMSTRIG_scaler,SHMS_eLT,SHMS_eLT_uncern,SHMS_track,SHMS_track_uncern,accp_edtm,charge,h_int_goodscin_evts,p_int_goodscin_evts,run number,sent_edtm,time,tot_events
0.9745598663683066,0.004720969822779818,1068960,9505051.0,0.9927817501351898,0.0011749779790675193,0.9973,0.0002,65,65,1145294,76163249.0,0.9927817501351898,0.0011749779790675193,0.9906,0.0005,946106,3702.434018506407,826.3333333333333,182.66666666666669,5171,7442074.0,744.194227,2227186
0.99712841865693,0.006871069147318873,791637,25050912.0,0.9360174706658102,0.0020473562330849443,0.996,0.0002,513,513,1304421,664341713.0,0.9360174706658102,0.0020473562330849443,0.9696,0.0015,264337,32185.00943914645,12014.833333333336,1454.333333333333,5168,7212913.0,721.278582,2096588
0.998076507845546,0.010376503105351896,1232773,38904198.0,0.9203261094037372,0.002004039903848071,0.9959,0.0001,1025,1025,1128014,1129170231.0,0.9203261094037372,0.002004039903848071,0.9505,0.0022,338291,52520.70292247213,21991.583333333336,2270.6666666666665,5167,9643032.0,964.286111,2361191
0.9929604304432692,0.00849019939382439,874767,12773735.0,0.979940876606323,0.0015307640036981967,0.9972,0.0002,257,257,789554,205255647.0,0.979940876606323,0.0015307640036981967,0.9881,0.0008,491115,10381.595320187816,3300.416666666666,599.9166666666665,5170,6974014.0,697.3891860000001,1666462
0.9958025155003905,0.01177466802451909,1162203,18259979.0,0.9590736127231594,0.0018429235650315485,0.9967,0.0001,513,513,840392,410190680.0,0.9590736127231594,0.0018429235650315485,0.9774,0.0013,474758,20440.51158845855,11016.333333333332,1688.6666666666665,5169,6895139.0,689.501749,2003461
