CPULT_scaler,CPULT_scaler_uncern,HMSTRIG_cut,HMSTRIG_scaler,HMS_eLT,HMS_eLT_uncern,HMS_track,HMS_track_uncern,PS1,PS3,SHMSTRIG_cut,SHMSTRIG_scaler,SHMS_eLT,SHMS_eLT_uncern,SHMS_track,SHMS_track_uncern,accp_edtm,charge,h_int_goodscin_evts,p_int_goodscin_evts,run number,sent_edtm,time,tot_events
0.9745643679196888,0.004726091004015343,1056443,9480644.0,0.9927786096941208,0.0011758779745417007,0.9973,0.0002,65,65,1131467,75996532.0,0.9927786096941208,0.0011758779745417007,0.9906,0.0005,932449,3694.489882901642,825.5,180.0,5171,7422060.0,742.192834,2200699
0.9971293640490984,0.006895478171697522,750761,24857361.0,0.935981154825968,0.002051803196340841,0.996,0.0002,513,513,1234663,659358274.0,0.935981154825968,0.002051803196340841,0.9696,0.0015,239820,31942.006229706432,11596.0,1398.333333333333,5168,7154058.0,715.393203,1985925
0.998076507845546,0.010376503105351896,1192490,38904198.0,0.9203261094037372,0.002004039903848071,0.9959,0.0001,1025,1025,1090420,1129170231.0,0.9203261094037372,0.002004039903848071,0.9505,0.0022,319379,52520.70292247213,21486.58333333333,2228.6666666666665,5167,9643032.0,964.286111,2283306
0.9929604304432692,0.00849019939382439,843269,12773735.0,0.979940876606323,0.0015307640036981967,0.9972,0.0002,257,257,756138,205255647.0,0.979940876606323,0.0015307640036981967,0.9881,0.0008,460792,10381.595320187816,3214.416666666666,574.0,5170,6974014.0,697.3891860000001,1601486
0.9958025155003905,0.01177466802451909,1118432,18259979.0,0.9590736127231594,0.0018429235650315485,0.9967,0.0001,513,513,807828,410190680.0,0.9590736127231594,0.0018429235650315485,0.9774,0.0013,444070,20440.51158845855,10836.333333333334,1634.9166666666665,5169,6895139.0,689.501749,1927088
