CPULT_scaler,CPULT_scaler_uncern,HMSTRIG_cut,HMSTRIG_scaler,HMS_eLT,HMS_eLT_uncern,HMS_track,HMS_track_uncern,PS1,PS3,SHMSTRIG_cut,SHMSTRIG_scaler,SHMS_eLT,SHMS_eLT_uncern,SHMS_track,SHMS_track_uncern,accp_edtm,charge,h_int_goodscin_evts,p_int_goodscin_evts,run number,sent_edtm,time,tot_events
0.9176629768168434,0.002185742647836732,2584401,11041364.0,0.9973390820909924,0.0008787083612680661,0.9984,0.0,17,17,770736,28671002.0,0.9973390820909924,0.0008787083612680661,0.9781,0.0025,190187,3741.9609060791963,776.4166666666665,105.33333333333331,7845,723691.0,723.6786019999997,3368787
0.9861229157579116,0.0002525041713765203,1514764,37809439.0,0.9844038659863928,0.0015545270572755164,0.9974,0.0001,17,17,429407,99438773.0,0.9844038659863928,0.0015545270572755164,0.9742,0.0026,20223,13588.842838599043,2823.583333333333,328.33333333333326,7843,444603.0,444.59695199999993,1953380
0.9718721491635698,0.0006458711689071441,1498209,18169015.0,0.9921931318783244,0.0013207323191429404,0.9978,0.0001,17,17,420446,48175549.0,0.9921931318783244,0.0013207323191429404,0.9753,0.003,37681,6431.301941059397,1496.333333333333,189.3333333333333,7844,419613.0,419.605534,1929915
