CPULT_scaler,CPULT_scaler_uncern,HMSTRIG_cut,HMSTRIG_scaler,HMS_eLT,HMS_eLT_uncern,HMS_track,HMS_track_uncern,PS1,PS3,SHMSTRIG_cut,SHMSTRIG_scaler,SHMS_eLT,SHMS_eLT_uncern,SHMS_track,SHMS_track_uncern,accp_edtm,charge,h_int_goodscin_evts,p_int_goodscin_evts,run number,sent_edtm,time,tot_events
0.9854890609504668,0.0022751243638765915,1902803,498246.0,0.9859642864117804,0.004350790959689817,0.9974,0.0001,17,17,542433,1314800.0,0.9859642864117804,0.004350790959689817,0.9742,0.0026,46189,178.5439148967712,3056.333333333333,359.0,7843,6591.0,6.591799999999977,2456007
0.917593643027979,0.0021735438096836444,2591897,11185087.0,0.9973384944871062,0.0008760857336445082,0.9984,0.0,17,17,772945,29030160.0,0.9973384944871062,0.0008760857336445082,0.9781,0.0025,191817,3794.3971455384867,778.4166666666665,105.0,7845,741075.0,741.0619289999999,3378540
0.9718721491635698,0.0006458711689071441,1578947,18169015.0,0.9921931318783244,0.0013207323191429404,0.9978,0.0001,17,17,444652,48175549.0,0.9921931318783244,0.0013207323191429404,0.9753,0.003,43926,6431.301941059397,1547.0,198.0,7844,419613.0,419.605534,2035070
