CPULT_scaler,CPULT_scaler_uncern,HMSTRIG_cut,HMSTRIG_scaler,HMS_eLT,HMS_eLT_uncern,HMS_track,HMS_track_uncern,PS1,PS3,SHMSTRIG_cut,SHMSTRIG_scaler,SHMS_eLT,SHMS_eLT_uncern,SHMS_track,SHMS_track_uncern,accp_edtm,charge,h_int_goodscin_evts,p_int_goodscin_evts,run number,sent_edtm,time,tot_events
0.9909547944084508,0.006649585994673071,1302928,41863414.0,0.98303250920962,0.0014772018193656804,0.9947,0.0002,257,257,672345,169132564.0,0.98303250920962,0.0014772018193656804,0.9902,0.0009,274097,32318.575645865538,16085.083333333332,1052.0,5155,7287656.0,728.7528,1976278
0.9875070428118248,0.003964813299763779,908187,29952265.0,0.9883855037502134,0.0013603971840946937,0.9958,0.0002,129,129,852646,109933270.0,0.9883855037502134,0.0013603971840946937,0.9924,0.0007,285105,21388.25111309665,9255.5,608.6666666666667,5156,7203052.0,720.2925220000002,1762468
0.9455353786657756,0.0040086235827020405,1205484,10955807.0,0.9979357828454741,0.0008455904075517291,0.9971,0.0002,33,33,685036,23170805.0,0.9979357828454741,0.0008455904075517291,0.9921,0.0008,1009981,3550.254773104819,1182.3333333333335,92.0,5158,7182572.0,718.244525,1914807
0.9742757526049068,0.003954181967594692,1072346,17149275.0,0.9940432712390572,0.0011723216614248446,0.9966,0.0002,65,65,836301,52312038.0,0.9940432712390572,0.0011723216614248446,0.9921,0.0007,534142,9878.89876523611,4622.666666666666,352.66666666666674,5157,6648257.0,664.8140450000002,1915364
0.9939994047719984,0.004541409149516288,678122,40588332.0,0.9833362555555234,0.0014682831290081524,0.9940000000000001,0.0003,257,257,686904,167110230.0,0.9833362555555234,0.0014682831290081524,0.9898,0.001,147046,31962.46175098189,12053.0,787.0833333333333,5299,6390007.0,638.9893359999999,1365552
0.9939790062756082,0.0039701739189058685,825801,52661339.0,0.977565580557141,0.0015732561792560994,0.9933,0.0002,257,257,907996,230335136.0,0.977565580557141,0.0015732561792560994,0.987,0.001,144428,42991.686179575554,19615.33333333333,1085.5,5298,6579343.0,657.922649,1734294
0.9946172158535886,0.011110765469284944,736747,5478279.0,0.9785676353515208,0.002730924545964884,0.9942,0.0002,257,257,774822,23144641.0,0.9785676353515208,0.002730924545964884,0.9885,0.001,153418,4362.191983431023,14125.333333333336,920.3333333333335,5154,813846.0,81.38333399999973,1512116
