CPULT_scaler,CPULT_scaler_uncern,HMSTRIG_cut,HMSTRIG_scaler,HMS_eLT,HMS_eLT_uncern,HMS_track,HMS_track_uncern,PS1,PS3,SHMSTRIG_cut,SHMSTRIG_scaler,SHMS_eLT,SHMS_eLT_uncern,SHMS_track,SHMS_track_uncern,accp_edtm,charge,h_int_goodscin_evts,p_int_goodscin_evts,run number,sent_edtm,time,tot_events
0.9722648112744604,0.011282991766578923,234727,2037894.0,0.9985590899112374,0.0007869014152974037,0.9983,0.0001,65,65,201320,13229462.0,0.9985590899112374,0.0007869014152974037,0.9292,0.0121,76980,3920.610370990472,4.0,12.999999999999998,7952,602598.0,602.5866950000002,437219
0.9737927078343526,0.006834506217915307,548476,4823968.0,0.9957838119946176,0.001034690297117243,0.9981,0.0001,65,65,583244,37683514.0,0.9957838119946176,0.001034690297117243,0.9179999999999999,0.0077,77412,11510.89289033478,12.0,89.0,7951,596704.0,596.6924680000002,1132966
0.9938844492361936,0.1131178253676764,900045,58975.0,0.9862895046238616,0.005509657314043937,0.9978,0.0001,257,257,490237,490117.0,0.9862895046238616,0.005509657314043937,0.9267,0.0065,42553,154.3722387528842,114.0,468.58333333333326,7949,2423.0,2.423919000000041,1390510
0.9932708372146124,0.006847556468889319,607116,19399454.0,0.9821401658923116,0.0014768488758008051,0.9978,0.0001,257,257,643774,160320080.0,0.9821401658923116,0.0014768488758008051,0.9153,0.0067,23371,51012.491500089716,112.66666666666666,402.0,7948,626975.0,626.962233,1251039
0.9867137167686324,0.00696838543212481,567521,9252550.0,0.9915642929302092,0.0012275406872643258,0.9982,0.0001,129,129,609070,75760089.0,0.9915642929302092,0.0012275406872643258,0.9272,0.0067,43706,23515.564470976493,52.0,224.0,7950,608063.0,608.0518469999997,1176959
