CPULT_scaler,CPULT_scaler_uncern,HMSTRIG_cut,HMSTRIG_scaler,HMS_eLT,HMS_eLT_uncern,HMS_track,HMS_track_uncern,PS1,PS3,SHMSTRIG_cut,SHMSTRIG_scaler,SHMS_eLT,SHMS_eLT_uncern,SHMS_track,SHMS_track_uncern,accp_edtm,charge,h_int_goodscin_evts,p_int_goodscin_evts,run number,sent_edtm,time,tot_events
0.9975188876729796,0.06420500254413848,2464,32664.0,0.9852958099128092,0.0066111360501277345,0.9978,0.0001,257,257,2628,271635.0,0.9852958099128092,0.0066111360501277345,0.9153,0.0067,120,85.64281398252932,1.0,1.9166666666666663,7948,1291.0,1.2910349999999653,5092
0.9952258347925296,0.021024878967251404,1398,144106.0,0.9925336152597644,0.003279338289379503,0.9982,0.0001,129,129,1510,1167118.0,0.9925336152597644,0.003279338289379503,0.9272,0.0067,138,361.1691018790898,0.5,0.0,7950,11256.0,11.255471999999996,2909
