CPULT_scaler,CPULT_scaler_uncern,HMSTRIG_cut,HMSTRIG_scaler,HMS_eLT,HMS_eLT_uncern,HMS_scaler_accp,HMS_track,HMS_track_uncern,PS1,PS3,SHMSTRIG_cut,SHMSTRIG_scaler,SHMS_eLT,SHMS_eLT_uncern,SHMS_scaler_accp,SHMS_track,SHMS_track_uncern,TLT,accp_edtm,charge,current,h_int_goodscin_evts,max_yield_HMS_notrack,max_yield_HMS_scaler,max_yield_HMS_track,max_yield_SHMS_notrack,max_yield_SHMS_scaler,max_yield_SHMS_track,p_int_goodscin_evts,rate_HMS,rate_SHMS,run number,sent_edtm,time,tot_events,uncern_HMS_evts_notrack,uncern_HMS_evts_scaler,uncern_HMS_evts_track,uncern_SHMS_evts_notrack,uncern_SHMS_evts_scaler,uncern_SHMS_evts_track,yieldRel_HMS_notrack,yieldRel_HMS_scaler,yieldRel_HMS_track,yieldRel_SHMS_notrack,yieldRel_SHMS_scaler,yieldRel_SHMS_track,yield_HMS_notrack,yield_HMS_scaler,yield_HMS_track,yield_SHMS_notrack,yield_SHMS_scaler,yield_SHMS_track
0.9975188876729796,0.06420500254413848,2464,32664.0,0.9852958099128092,0.006611136050127735,31373.0,0.9978,0.0001,257,257,2628,271635.0,0.9852958099128092,0.006611136050127735,270344.0,0.9153,0.0067,0.9070487993803253,120,85.64281398252932,66.33655476616174,1.0,0.011705445406796374,372.71541708872184,0.01290134292072659,0.024673173268743565,3211.7227143541713,0.026956378530256273,1.9166666666666663,25300.630889170996,210400.95737141697,7948,1291.0,1.2910349999999653,5092,1.0,0.005533059195484868,1.0,0.7223151185146153,0.0019187002675213748,0.7223151185146153,1.0,1.0,1.0,1.0,1.0,1.0,0.011705445406796374,372.71541708872184,0.01290134292072659,0.024673173268743565,3211.7227143541713,0.026956378530256273
0.9952258347925296,0.021024878967251404,1398,144106.0,0.9925336152597644,0.003279338289379503,132850.0,0.9982,0.0001,129,129,1510,1167118.0,0.9925336152597644,0.003279338289379503,1155862.0,0.9272,0.0067,0.9877398720682303,138,361.1691018790898,32.08831241187308,0.5,0.011705445406796374,372.71541708872184,0.01290134292072659,0.024673173268743565,3211.7227143541713,0.026956378530256273,0.0,12803.194748296655,103693.3857593889,7950,11256.0,11.255471999999996,2909,1.4142135623730951,0.0026342620070665284,1.4142135623730951,,0.0009256410716553077,,0.11883649390557688,0.999094910189742,0.108833938376379,0.0,1.0087661207163217,0.0,0.0013910340917468202,372.37807616258874,0.0014041039604068912,0.0,3239.8770633755526,0.0
